Year (CY),Type,Source,Implementing Department,Action Category,Direct/Indirect?,Targeted at Homelessness?,Actionable?,Status of the Recommendation/Resolution 
2011.0,3.0,230.0,14.0,3.0,1.0,0.0,1.0,20.0
2011.0,3.0,230.0,14.0,7.0,1.0,0.0,1.0,20.0
2012.0,3.0,234.0,4.0,1.0,1.0,0.0,1.0,20.0
2012.0,3.0,234.0,4.0,1.0,1.0,0.0,1.0,20.0
2015.0,3.0,236.0,4.0,1.0,1.0,0.0,1.0,20.0
2015.0,3.0,236.0,4.0,1.0,1.0,0.0,1.0,20.0
2015.0,3.0,236.0,4.0,1.0,1.0,0.0,1.0,20.0
2015.0,3.0,259.0,14.0,4.0,1.0,0.0,1.0,20.0
2015.0,3.0,259.0,14.0,4.0,1.0,0.0,1.0,20.0
2015.0,3.0,259.0,14.0,4.0,1.0,0.0,1.0,20.0
2015.0,3.0,259.0,14.0,4.0,1.0,0.0,1.0,20.0
2015.0,3.0,259.0,14.0,4.0,1.0,0.0,1.0,20.0
2002.0,3.0,261.0,14.0,4.0,1.0,0.0,1.0,20.0
2002.0,3.0,261.0,14.0,6.0,1.0,0.0,1.0,20.0
2002.0,3.0,261.0,14.0,3.0,1.0,0.0,1.0,20.0
2002.0,3.0,261.0,14.0,4.0,1.0,0.0,1.0,20.0
2002.0,3.0,261.0,14.0,3.0,1.0,0.0,1.0,20.0
2002.0,3.0,261.0,14.0,3.0,1.0,0.0,1.0,20.0
2002.0,3.0,261.0,14.0,7.0,1.0,0.0,1.0,20.0
2002.0,3.0,261.0,14.0,4.0,1.0,0.0,1.0,20.0
2002.0,3.0,261.0,14.0,7.0,1.0,0.0,1.0,20.0
2002.0,3.0,261.0,14.0,4.0,1.0,0.0,1.0,20.0
2002.0,3.0,261.0,14.0,4.0,1.0,0.0,1.0,20.0
2002.0,3.0,261.0,14.0,3.0,1.0,0.0,1.0,20.0
2002.0,3.0,242.0,1.0,5.0,1.0,0.0,1.0,20.0
2002.0,3.0,242.0,1.0,7.0,1.0,0.0,1.0,20.0
2002.0,3.0,242.0,10.0,5.0,1.0,0.0,1.0,20.0
2002.0,4.0,249.0,9.0,1.0,1.0,0.0,1.0,9.0
2002.0,3.0,242.0,0.0,5.0,1.0,0.0,1.0,20.0
2003.0,3.0,260.0,14.0,3.0,1.0,0.0,1.0,20.0
2002.0,4.0,249.0,9.0,6.0,1.0,0.0,1.0,20.0
2003.0,3.0,260.0,14.0,7.0,1.0,0.0,1.0,20.0
2003.0,3.0,260.0,14.0,3.0,1.0,0.0,1.0,20.0
2003.0,3.0,260.0,14.0,3.0,1.0,0.0,1.0,20.0
2003.0,3.0,260.0,14.0,3.0,1.0,0.0,1.0,20.0
2003.0,3.0,260.0,14.0,3.0,1.0,0.0,1.0,20.0
2003.0,3.0,260.0,14.0,4.0,1.0,0.0,1.0,20.0
2003.0,3.0,260.0,14.0,4.0,1.0,0.0,1.0,20.0
2003.0,3.0,260.0,14.0,7.0,1.0,0.0,1.0,20.0
2003.0,3.0,260.0,14.0,3.0,1.0,0.0,1.0,20.0
2003.0,3.0,260.0,14.0,3.0,1.0,0.0,1.0,20.0
2003.0,3.0,260.0,14.0,3.0,1.0,0.0,1.0,20.0
2007.0,3.0,235.0,4.0,3.0,1.0,0.0,1.0,20.0
2007.0,3.0,235.0,4.0,7.0,1.0,0.0,1.0,20.0
2007.0,3.0,235.0,4.0,7.0,1.0,0.0,1.0,20.0
2007.0,3.0,235.0,4.0,7.0,1.0,0.0,1.0,20.0
2007.0,3.0,235.0,4.0,7.0,1.0,0.0,1.0,20.0
2007.0,3.0,235.0,4.0,3.0,1.0,0.0,1.0,20.0
2006.0,3.0,239.0,8.0,6.0,1.0,0.0,1.0,20.0
2006.0,3.0,239.0,8.0,3.0,1.0,0.0,1.0,20.0
2006.0,3.0,239.0,8.0,3.0,1.0,0.0,1.0,20.0
2009.0,3.0,244.0,14.0,5.0,1.0,0.0,1.0,20.0
2009.0,3.0,244.0,14.0,5.0,1.0,0.0,1.0,20.0
2009.0,3.0,244.0,14.0,5.0,1.0,0.0,1.0,20.0
2009.0,3.0,244.0,14.0,5.0,1.0,0.0,1.0,20.0
2009.0,3.0,244.0,14.0,3.0,1.0,0.0,1.0,20.0
2009.0,3.0,244.0,14.0,5.0,1.0,0.0,1.0,20.0
2009.0,3.0,244.0,14.0,5.0,1.0,0.0,1.0,20.0
2017.0,4.0,8.0,9.0,0.0,1.0,0.0,1.0,22.0
2017.0,4.0,8.0,9.0,1.0,0.0,0.0,2.0,20.0
2017.0,4.0,8.0,9.0,1.0,1.0,0.0,1.0,20.0
2017.0,4.0,8.0,9.0,1.0,0.0,0.0,2.0,0.0
2017.0,4.0,8.0,9.0,1.0,1.0,0.0,1.0,27.0
2017.0,4.0,8.0,9.0,1.0,1.0,0.0,1.0,20.0
2017.0,4.0,8.0,9.0,1.0,1.0,0.0,1.0,20.0
2017.0,4.0,8.0,9.0,6.0,1.0,0.0,1.0,27.0
2017.0,4.0,8.0,9.0,6.0,1.0,0.0,1.0,32.0
2017.0,4.0,8.0,9.0,6.0,1.0,0.0,1.0,20.0
2017.0,4.0,8.0,9.0,6.0,1.0,0.0,1.0,22.0
2017.0,4.0,8.0,9.0,6.0,1.0,0.0,1.0,22.0
2017.0,4.0,8.0,9.0,6.0,1.0,0.0,1.0,32.0
2017.0,4.0,8.0,9.0,6.0,1.0,0.0,1.0,22.0
2017.0,4.0,8.0,9.0,6.0,1.0,0.0,1.0,6.0
2017.0,4.0,8.0,9.0,6.0,1.0,0.0,1.0,32.0
2017.0,4.0,8.0,9.0,6.0,1.0,0.0,1.0,22.0
2017.0,4.0,8.0,9.0,6.0,1.0,0.0,1.0,20.0
2017.0,4.0,8.0,9.0,6.0,1.0,0.0,1.0,22.0
2017.0,4.0,8.0,9.0,6.0,1.0,0.0,1.0,20.0
2017.0,4.0,8.0,9.0,6.0,1.0,0.0,1.0,20.0
2017.0,4.0,8.0,9.0,6.0,1.0,0.0,1.0,20.0
2017.0,4.0,8.0,9.0,6.0,1.0,0.0,1.0,20.0
2017.0,4.0,8.0,9.0,4.0,1.0,0.0,1.0,20.0
2017.0,4.0,8.0,9.0,4.0,1.0,0.0,1.0,32.0
2017.0,4.0,8.0,9.0,4.0,1.0,0.0,1.0,32.0
2017.0,4.0,8.0,9.0,4.0,0.0,0.0,2.0,20.0
2017.0,4.0,8.0,9.0,4.0,0.0,0.0,0.0,32.0
2017.0,4.0,8.0,9.0,4.0,1.0,0.0,1.0,32.0
2017.0,4.0,8.0,9.0,4.0,1.0,0.0,1.0,20.0
2017.0,4.0,8.0,9.0,4.0,1.0,0.0,1.0,22.0
2017.0,4.0,8.0,9.0,4.0,1.0,0.0,1.0,29.0
2017.0,4.0,8.0,9.0,4.0,0.0,0.0,0.0,29.0
2007.0,4.0,229.0,9.0,6.0,1.0,0.0,1.0,23.0
2007.0,4.0,229.0,9.0,6.0,1.0,0.0,1.0,15.0
2007.0,4.0,229.0,9.0,7.0,1.0,0.0,1.0,25.0
2007.0,4.0,229.0,9.0,7.0,1.0,0.0,1.0,24.0
2007.0,4.0,229.0,9.0,6.0,1.0,0.0,1.0,31.0
2007.0,4.0,229.0,9.0,6.0,1.0,0.0,1.0,17.0
2007.0,4.0,229.0,9.0,7.0,1.0,0.0,1.0,25.0
2007.0,4.0,229.0,9.0,7.0,1.0,0.0,1.0,23.0
2007.0,4.0,229.0,9.0,7.0,1.0,0.0,1.0,30.0
2007.0,4.0,229.0,9.0,6.0,1.0,0.0,1.0,22.0
2007.0,4.0,229.0,9.0,6.0,0.0,0.0,0.0,16.0
2007.0,4.0,229.0,9.0,6.0,0.0,0.0,0.0,16.0
2007.0,4.0,229.0,9.0,6.0,1.0,0.0,1.0,20.0
2007.0,4.0,229.0,9.0,4.0,1.0,0.0,1.0,28.0
2007.0,4.0,229.0,9.0,4.0,1.0,0.0,1.0,22.0
2002.0,4.0,249.0,9.0,6.0,1.0,0.0,1.0,20.0
2007.0,4.0,229.0,9.0,4.0,1.0,0.0,1.0,8.0
2007.0,4.0,229.0,9.0,4.0,1.0,0.0,1.0,23.0
2007.0,4.0,229.0,9.0,4.0,1.0,0.0,1.0,33.0
2001.0,4.0,248.0,9.0,6.0,1.0,0.0,1.0,20.0
2001.0,4.0,248.0,9.0,6.0,1.0,0.0,1.0,20.0
2001.0,4.0,248.0,9.0,6.0,1.0,0.0,1.0,20.0
2002.0,4.0,249.0,9.0,6.0,1.0,0.0,1.0,20.0
2002.0,4.0,249.0,9.0,6.0,1.0,0.0,1.0,22.0
2002.0,4.0,249.0,9.0,6.0,0.0,0.0,0.0,14.0
2002.0,4.0,249.0,9.0,6.0,1.0,0.0,1.0,20.0
2002.0,4.0,249.0,9.0,6.0,1.0,0.0,1.0,20.0
2002.0,4.0,249.0,9.0,6.0,1.0,0.0,1.0,20.0
2002.0,4.0,249.0,9.0,6.0,1.0,0.0,1.0,20.0
2002.0,4.0,249.0,9.0,6.0,1.0,0.0,1.0,3.0
2002.0,4.0,249.0,9.0,6.0,1.0,0.0,1.0,20.0
2002.0,4.0,249.0,9.0,6.0,1.0,0.0,1.0,20.0
2002.0,4.0,249.0,9.0,6.0,1.0,0.0,1.0,22.0
2002.0,4.0,249.0,9.0,6.0,1.0,0.0,1.0,20.0
2002.0,4.0,249.0,9.0,6.0,1.0,0.0,1.0,22.0
2002.0,4.0,249.0,9.0,6.0,1.0,0.0,1.0,22.0
2002.0,4.0,249.0,9.0,6.0,1.0,0.0,1.0,20.0
2002.0,4.0,249.0,9.0,6.0,1.0,0.0,1.0,20.0
2002.0,4.0,249.0,9.0,7.0,1.0,0.0,1.0,20.0
2002.0,4.0,249.0,9.0,4.0,1.0,0.0,1.0,20.0
2002.0,4.0,249.0,9.0,4.0,1.0,0.0,1.0,20.0
2015.0,4.0,253.0,9.0,7.0,1.0,0.0,1.0,20.0
2003.0,4.0,262.0,9.0,0.0,1.0,0.0,1.0,2.0
2003.0,4.0,262.0,9.0,1.0,0.0,0.0,0.0,4.0
2003.0,4.0,262.0,9.0,6.0,1.0,0.0,1.0,20.0
2003.0,4.0,262.0,9.0,7.0,1.0,0.0,1.0,29.0
2003.0,4.0,262.0,9.0,6.0,0.0,0.0,0.0,5.0
2003.0,4.0,262.0,9.0,7.0,1.0,0.0,1.0,7.0
2003.0,4.0,262.0,9.0,6.0,1.0,0.0,1.0,21.0
2003.0,4.0,262.0,9.0,6.0,1.0,0.0,1.0,29.0
2003.0,4.0,262.0,9.0,6.0,1.0,0.0,1.0,2.0
2003.0,4.0,262.0,9.0,4.0,1.0,0.0,1.0,2.0
2003.0,4.0,262.0,9.0,4.0,1.0,0.0,1.0,22.0
2003.0,4.0,262.0,9.0,4.0,1.0,0.0,1.0,22.0
2015.0,2.0,172.0,8.0,7.0,1.0,0.0,1.0,20.0
2015.0,2.0,171.0,8.0,6.0,1.0,0.0,1.0,20.0
2015.0,2.0,173.0,8.0,6.0,1.0,0.0,1.0,20.0
2014.0,0.0,240.0,9.0,4.0,0.0,0.0,2.0,20.0
2015.0,2.0,176.0,2.0,1.0,0.0,0.0,0.0,34.0
2015.0,2.0,179.0,8.0,4.0,1.0,0.0,1.0,20.0
2015.0,2.0,178.0,8.0,4.0,1.0,0.0,1.0,20.0
2015.0,2.0,181.0,13.0,6.0,1.0,0.0,1.0,20.0
2015.0,2.0,182.0,8.0,4.0,1.0,0.0,1.0,20.0
2015.0,2.0,183.0,12.0,1.0,0.0,0.0,0.0,34.0
2015.0,2.0,170.0,8.0,1.0,0.0,0.0,0.0,34.0
2015.0,2.0,169.0,8.0,1.0,0.0,0.0,0.0,34.0
2015.0,2.0,168.0,8.0,1.0,0.0,0.0,0.0,34.0
2015.0,2.0,167.0,8.0,1.0,0.0,0.0,0.0,34.0
2015.0,2.0,166.0,8.0,1.0,0.0,0.0,0.0,34.0
2015.0,2.0,165.0,8.0,1.0,0.0,0.0,0.0,34.0
2016.0,2.0,197.0,8.0,1.0,1.0,0.0,1.0,20.0
2016.0,2.0,185.0,2.0,1.0,0.0,0.0,0.0,34.0
2016.0,2.0,184.0,8.0,4.0,1.0,0.0,1.0,20.0
2016.0,2.0,188.0,8.0,1.0,1.0,0.0,1.0,20.0
2016.0,2.0,190.0,2.0,1.0,0.0,0.0,0.0,34.0
2016.0,2.0,194.0,8.0,4.0,1.0,0.0,1.0,20.0
2016.0,2.0,200.0,8.0,1.0,1.0,0.0,1.0,20.0
2016.0,2.0,192.0,8.0,4.0,1.0,0.0,1.0,20.0
2016.0,2.0,191.0,8.0,1.0,1.0,0.0,1.0,20.0
2016.0,2.0,195.0,8.0,5.0,1.0,0.0,1.0,20.0
2016.0,2.0,196.0,8.0,4.0,1.0,0.0,1.0,20.0
2016.0,2.0,199.0,8.0,0.0,1.0,0.0,1.0,20.0
2016.0,2.0,198.0,8.0,0.0,1.0,0.0,1.0,20.0
2014.0,1.0,263.0,6.0,6.0,1.0,0.0,1.0,2.0
2017.0,0.0,240.0,9.0,4.0,1.0,0.0,1.0,20.0
2016.0,2.0,202.0,8.0,0.0,1.0,0.0,1.0,20.0
2016.0,2.0,204.0,8.0,2.0,1.0,0.0,1.0,20.0
2016.0,2.0,203.0,2.0,1.0,0.0,0.0,0.0,34.0
2017.0,2.0,208.0,8.0,5.0,1.0,0.0,1.0,20.0
2017.0,2.0,207.0,8.0,1.0,0.0,1.0,1.0,20.0
2017.0,2.0,206.0,8.0,5.0,1.0,0.0,1.0,20.0
2017.0,2.0,205.0,8.0,4.0,1.0,0.0,1.0,20.0
2017.0,2.0,209.0,13.0,1.0,0.0,0.0,0.0,34.0
2017.0,2.0,211.0,2.0,1.0,0.0,0.0,0.0,34.0
2017.0,2.0,210.0,8.0,1.0,1.0,0.0,1.0,20.0
2017.0,2.0,213.0,13.0,4.0,0.0,0.0,0.0,34.0
2017.0,2.0,216.0,8.0,4.0,1.0,0.0,1.0,20.0
2017.0,2.0,215.0,8.0,4.0,1.0,0.0,1.0,20.0
2001.0,4.0,265.0,9.0,6.0,1.0,0.0,1.0,20.0
2017.0,2.0,218.0,8.0,1.0,1.0,0.0,1.0,20.0
2017.0,2.0,224.0,8.0,6.0,1.0,0.0,1.0,20.0
2017.0,2.0,223.0,8.0,6.0,1.0,0.0,1.0,20.0
2017.0,2.0,222.0,11.0,6.0,1.0,0.0,1.0,20.0
2017.0,2.0,228.0,8.0,1.0,1.0,0.0,1.0,20.0
2017.0,2.0,227.0,8.0,6.0,1.0,1.0,1.0,20.0
2017.0,2.0,226.0,8.0,2.0,0.0,1.0,1.0,20.0
2012.0,2.0,113.0,8.0,6.0,1.0,0.0,1.0,20.0
2012.0,2.0,114.0,8.0,0.0,1.0,0.0,1.0,20.0
2012.0,2.0,115.0,2.0,1.0,1.0,0.0,1.0,34.0
2012.0,2.0,116.0,13.0,6.0,1.0,0.0,1.0,34.0
2012.0,2.0,118.0,8.0,6.0,1.0,0.0,1.0,20.0
2012.0,2.0,127.0,8.0,4.0,1.0,0.0,1.0,20.0
2012.0,2.0,120.0,8.0,2.0,1.0,0.0,1.0,20.0
2012.0,2.0,119.0,2.0,1.0,1.0,0.0,1.0,34.0
2012.0,2.0,121.0,8.0,5.0,1.0,0.0,1.0,20.0
2012.0,2.0,124.0,8.0,2.0,1.0,0.0,1.0,20.0
2012.0,2.0,125.0,8.0,1.0,1.0,0.0,1.0,20.0
2012.0,2.0,126.0,8.0,7.0,1.0,1.0,1.0,20.0
2014.0,1.0,252.0,2.0,6.0,1.0,1.0,1.0,20.0
2012.0,2.0,132.0,8.0,1.0,1.0,0.0,1.0,20.0
2012.0,2.0,131.0,8.0,6.0,1.0,0.0,1.0,20.0
2014.0,2.0,143.0,8.0,1.0,0.0,0.0,0.0,34.0
2012.0,2.0,130.0,8.0,1.0,1.0,0.0,1.0,20.0
2012.0,2.0,128.0,13.0,4.0,1.0,0.0,1.0,34.0
2013.0,2.0,134.0,8.0,4.0,1.0,0.0,1.0,20.0
2013.0,2.0,135.0,8.0,4.0,1.0,0.0,1.0,20.0
2013.0,2.0,137.0,8.0,6.0,1.0,0.0,1.0,20.0
2013.0,2.0,138.0,8.0,5.0,1.0,0.0,1.0,20.0
2013.0,2.0,139.0,8.0,7.0,1.0,0.0,1.0,20.0
2013.0,2.0,140.0,8.0,2.0,1.0,0.0,1.0,20.0
2013.0,2.0,256.0,13.0,6.0,1.0,0.0,1.0,34.0
2017.0,0.0,232.0,9.0,6.0,1.0,0.0,1.0,20.0
2014.0,2.0,141.0,8.0,4.0,1.0,0.0,1.0,20.0
2014.0,2.0,142.0,8.0,6.0,1.0,0.0,1.0,20.0
2012.0,2.0,122.0,13.0,5.0,1.0,0.0,1.0,34.0
2014.0,2.0,144.0,8.0,1.0,0.0,0.0,0.0,34.0
2014.0,2.0,145.0,8.0,1.0,0.0,0.0,0.0,34.0
2014.0,2.0,146.0,8.0,1.0,0.0,0.0,0.0,34.0
2014.0,2.0,147.0,8.0,1.0,0.0,0.0,0.0,34.0
2014.0,2.0,148.0,8.0,4.0,1.0,0.0,1.0,20.0
2014.0,2.0,150.0,13.0,1.0,0.0,0.0,0.0,34.0
2006.0,2.0,66.0,8.0,1.0,1.0,0.0,1.0,20.0
2014.0,2.0,151.0,13.0,1.0,0.0,0.0,0.0,34.0
2014.0,2.0,152.0,8.0,4.0,1.0,0.0,1.0,20.0
2014.0,2.0,153.0,15.0,6.0,1.0,0.0,1.0,20.0
2014.0,2.0,154.0,13.0,5.0,1.0,0.0,1.0,20.0
2014.0,2.0,156.0,8.0,4.0,1.0,0.0,1.0,20.0
2014.0,2.0,158.0,8.0,6.0,1.0,0.0,1.0,20.0
2017.0,0.0,240.0,9.0,4.0,1.0,0.0,1.0,20.0
2014.0,2.0,159.0,8.0,0.0,1.0,0.0,1.0,20.0
2014.0,2.0,161.0,8.0,4.0,1.0,0.0,1.0,20.0
2011.0,2.0,103.0,8.0,1.0,1.0,0.0,1.0,20.0
2011.0,2.0,106.0,8.0,1.0,1.0,0.0,1.0,20.0
2011.0,2.0,105.0,8.0,1.0,1.0,0.0,1.0,20.0
2014.0,2.0,162.0,8.0,4.0,1.0,0.0,1.0,20.0
2014.0,2.0,163.0,8.0,1.0,1.0,0.0,1.0,20.0
2014.0,2.0,164.0,8.0,6.0,1.0,0.0,1.0,20.0
2014.0,1.0,263.0,6.0,6.0,0.0,0.0,2.0,22.0
2012.0,2.0,117.0,8.0,6.0,1.0,0.0,1.0,20.0
2012.0,2.0,129.0,8.0,5.0,1.0,0.0,1.0,20.0
2011.0,2.0,104.0,8.0,4.0,1.0,0.0,1.0,20.0
2010.0,1.0,246.0,18.0,6.0,1.0,1.0,1.0,20.0
2011.0,2.0,109.0,8.0,1.0,1.0,0.0,1.0,34.0
2011.0,2.0,110.0,8.0,4.0,1.0,0.0,1.0,20.0
2011.0,2.0,112.0,8.0,4.0,1.0,0.0,1.0,20.0
2011.0,2.0,111.0,8.0,1.0,1.0,0.0,1.0,34.0
2004.0,2.0,47.0,13.0,1.0,0.0,0.0,0.0,34.0
2004.0,2.0,50.0,13.0,1.0,0.0,0.0,0.0,34.0
2004.0,2.0,49.0,13.0,1.0,0.0,0.0,0.0,34.0
2004.0,2.0,48.0,13.0,1.0,0.0,0.0,0.0,34.0
2017.0,1.0,247.0,7.0,6.0,1.0,0.0,1.0,22.0
2004.0,2.0,52.0,8.0,4.0,1.0,0.0,1.0,20.0
2017.0,0.0,240.0,0.0,0.0,0.0,0.0,0.0,41.0
2004.0,2.0,55.0,8.0,0.0,1.0,0.0,1.0,20.0
2005.0,2.0,59.0,8.0,0.0,1.0,0.0,1.0,20.0
2002.0,2.0,37.0,8.0,0.0,1.0,0.0,1.0,20.0
2005.0,2.0,60.0,2.0,4.0,1.0,0.0,1.0,20.0
2005.0,2.0,62.0,8.0,0.0,1.0,0.0,1.0,20.0
2012.0,0.0,237.0,9.0,4.0,1.0,1.0,1.0,20.0
2006.0,2.0,64.0,8.0,4.0,1.0,0.0,1.0,20.0
2006.0,2.0,65.0,8.0,5.0,1.0,0.0,1.0,20.0
2007.0,2.0,68.0,9.0,1.0,1.0,0.0,1.0,20.0
2000.0,2.0,9.0,8.0,1.0,0.0,0.0,0.0,34.0
2011.0,0.0,240.0,9.0,4.0,1.0,0.0,1.0,20.0
2000.0,2.0,10.0,8.0,0.0,1.0,0.0,1.0,20.0
2000.0,2.0,11.0,8.0,1.0,1.0,0.0,1.0,34.0
2002.0,2.0,28.0,8.0,0.0,0.0,0.0,0.0,34.0
2000.0,2.0,13.0,8.0,1.0,0.0,0.0,0.0,34.0
2000.0,2.0,14.0,8.0,4.0,0.0,0.0,0.0,34.0
2000.0,2.0,15.0,9.0,0.0,1.0,0.0,1.0,34.0
2001.0,2.0,17.0,3.0,5.0,0.0,0.0,0.0,34.0
2011.0,0.0,240.0,9.0,4.0,1.0,0.0,1.0,20.0
2001.0,2.0,18.0,8.0,4.0,1.0,0.0,1.0,20.0
2001.0,2.0,19.0,8.0,0.0,1.0,0.0,1.0,20.0
2001.0,2.0,21.0,8.0,0.0,0.0,0.0,0.0,34.0
2001.0,2.0,22.0,8.0,1.0,0.0,0.0,0.0,34.0
2001.0,2.0,23.0,8.0,1.0,1.0,0.0,1.0,34.0
2001.0,2.0,24.0,8.0,4.0,1.0,0.0,1.0,20.0
2001.0,2.0,25.0,8.0,0.0,0.0,0.0,0.0,34.0
2001.0,2.0,26.0,8.0,1.0,0.0,0.0,0.0,34.0
2002.0,2.0,27.0,8.0,5.0,0.0,0.0,0.0,34.0
2002.0,2.0,29.0,9.0,1.0,0.0,0.0,0.0,34.0
2002.0,2.0,35.0,8.0,1.0,1.0,0.0,1.0,34.0
2002.0,2.0,30.0,8.0,1.0,1.0,0.0,1.0,34.0
2002.0,2.0,31.0,8.0,1.0,1.0,0.0,1.0,34.0
2002.0,2.0,32.0,8.0,1.0,0.0,1.0,1.0,34.0
2002.0,2.0,16.0,13.0,1.0,0.0,0.0,0.0,34.0
2002.0,2.0,36.0,13.0,2.0,0.0,0.0,0.0,34.0
2002.0,2.0,34.0,8.0,1.0,0.0,0.0,0.0,34.0
2002.0,2.0,33.0,9.0,1.0,0.0,0.0,0.0,34.0
2002.0,2.0,38.0,8.0,1.0,0.0,0.0,0.0,34.0
2002.0,2.0,41.0,17.0,4.0,1.0,0.0,1.0,34.0
2002.0,2.0,39.0,8.0,1.0,0.0,0.0,0.0,34.0
2002.0,2.0,40.0,8.0,1.0,0.0,1.0,1.0,34.0
2002.0,2.0,42.0,8.0,1.0,1.0,0.0,1.0,34.0
2002.0,2.0,43.0,8.0,1.0,1.0,0.0,1.0,34.0
2002.0,2.0,44.0,8.0,0.0,0.0,0.0,0.0,34.0
2002.0,2.0,45.0,8.0,4.0,1.0,0.0,1.0,34.0
2013.0,0.0,231.0,9.0,5.0,1.0,0.0,1.0,20.0
2014.0,0.0,237.0,9.0,1.0,1.0,0.0,1.0,20.0
2015.0,0.0,240.0,0.0,1.0,1.0,0.0,1.0,20.0
2014.0,1.0,252.0,2.0,7.0,1.0,0.0,1.0,20.0
2016.0,0.0,240.0,9.0,1.0,1.0,0.0,1.0,20.0
2017.0,0.0,245.0,9.0,1.0,1.0,0.0,1.0,20.0
2013.0,0.0,231.0,9.0,1.0,1.0,0.0,1.0,20.0
2016.0,0.0,237.0,9.0,6.0,1.0,0.0,1.0,20.0
2014.0,0.0,240.0,9.0,6.0,1.0,0.0,1.0,20.0
2014.0,0.0,240.0,9.0,6.0,1.0,0.0,1.0,20.0
2014.0,0.0,240.0,9.0,6.0,0.0,0.0,2.0,20.0
2014.0,0.0,240.0,9.0,6.0,0.0,0.0,2.0,20.0
2016.0,0.0,240.0,9.0,3.0,1.0,0.0,1.0,20.0
2017.0,0.0,240.0,9.0,6.0,1.0,0.0,1.0,20.0
2017.0,0.0,240.0,9.0,7.0,1.0,0.0,1.0,20.0
2014.0,0.0,240.0,9.0,4.0,1.0,0.0,1.0,20.0
2014.0,0.0,237.0,9.0,4.0,1.0,0.0,1.0,20.0
2014.0,0.0,237.0,9.0,4.0,0.0,0.0,2.0,20.0
2016.0,0.0,237.0,9.0,4.0,1.0,0.0,1.0,20.0
2017.0,0.0,251.0,9.0,4.0,1.0,0.0,1.0,20.0
2017.0,0.0,251.0,9.0,4.0,1.0,0.0,1.0,20.0
2017.0,0.0,251.0,9.0,4.0,1.0,0.0,1.0,20.0
2017.0,0.0,251.0,9.0,4.0,1.0,0.0,1.0,20.0
2017.0,0.0,251.0,9.0,4.0,1.0,0.0,1.0,20.0
2011.0,0.0,240.0,15.0,4.0,1.0,0.0,1.0,20.0
2011.0,0.0,240.0,9.0,4.0,1.0,0.0,1.0,20.0
2011.0,0.0,240.0,9.0,4.0,1.0,0.0,1.0,20.0
2011.0,0.0,240.0,9.0,4.0,1.0,0.0,1.0,20.0
2011.0,0.0,240.0,9.0,4.0,1.0,0.0,1.0,20.0
2011.0,0.0,240.0,9.0,4.0,1.0,0.0,1.0,20.0
2011.0,0.0,240.0,9.0,4.0,1.0,0.0,1.0,20.0
2011.0,0.0,240.0,9.0,4.0,1.0,1.0,1.0,20.0
2014.0,0.0,240.0,9.0,4.0,1.0,0.0,1.0,20.0
2016.0,0.0,240.0,9.0,4.0,1.0,0.0,1.0,20.0
2016.0,0.0,240.0,9.0,4.0,1.0,0.0,1.0,20.0
2016.0,0.0,240.0,9.0,4.0,1.0,0.0,1.0,20.0
2016.0,0.0,240.0,9.0,4.0,1.0,0.0,1.0,20.0
2016.0,0.0,240.0,9.0,4.0,1.0,0.0,1.0,20.0
2016.0,0.0,240.0,9.0,4.0,1.0,0.0,1.0,20.0
2016.0,0.0,240.0,9.0,4.0,1.0,0.0,1.0,20.0
2016.0,0.0,240.0,9.0,4.0,1.0,0.0,1.0,20.0
2010.0,1.0,246.0,18.0,6.0,1.0,1.0,1.0,20.0
2016.0,0.0,240.0,9.0,4.0,1.0,0.0,1.0,20.0
2017.0,0.0,240.0,9.0,4.0,1.0,0.0,1.0,20.0
2017.0,0.0,240.0,9.0,4.0,1.0,0.0,1.0,20.0
2017.0,0.0,240.0,0.0,4.0,1.0,0.0,1.0,20.0
2017.0,0.0,240.0,9.0,4.0,1.0,0.0,1.0,20.0
2014.0,1.0,252.0,2.0,7.0,1.0,0.0,1.0,20.0
2017.0,0.0,240.0,9.0,4.0,1.0,0.0,1.0,20.0
2017.0,0.0,240.0,9.0,4.0,1.0,0.0,1.0,20.0
2017.0,0.0,245.0,9.0,4.0,1.0,0.0,1.0,20.0
2013.0,0.0,231.0,9.0,4.0,1.0,0.0,1.0,20.0
2014.0,0.0,237.0,9.0,5.0,1.0,0.0,1.0,20.0
2014.0,1.0,238.0,6.0,6.0,1.0,0.0,1.0,20.0
2017.0,0.0,250.0,9.0,5.0,1.0,0.0,1.0,20.0
2014.0,1.0,243.0,9.0,1.0,0.0,0.0,0.0,11.0
2014.0,1.0,7.0,9.0,1.0,1.0,0.0,1.0,10.0
2014.0,1.0,263.0,6.0,1.0,0.0,0.0,2.0,12.0
2014.0,1.0,263.0,6.0,1.0,0.0,0.0,0.0,32.0
2017.0,1.0,247.0,7.0,1.0,1.0,0.0,1.0,26.0
2012.0,1.0,241.0,9.0,1.0,0.0,1.0,1.0,20.0
2012.0,1.0,241.0,14.0,1.0,1.0,1.0,1.0,20.0
2014.0,1.0,252.0,6.0,1.0,1.0,1.0,1.0,20.0
2015.0,1.0,255.0,14.0,1.0,1.0,0.0,1.0,20.0
2010.0,1.0,258.0,5.0,1.0,1.0,1.0,1.0,20.0
2010.0,1.0,258.0,5.0,1.0,1.0,0.0,1.0,20.0
2010.0,1.0,258.0,5.0,1.0,1.0,1.0,1.0,20.0
2010.0,1.0,252.0,2.0,6.0,1.0,1.0,1.0,20.0
2010.0,1.0,258.0,5.0,6.0,1.0,0.0,1.0,20.0
2010.0,1.0,258.0,5.0,6.0,1.0,1.0,1.0,20.0
2015.0,1.0,255.0,14.0,6.0,1.0,0.0,1.0,20.0
2010.0,1.0,258.0,5.0,7.0,1.0,0.0,1.0,20.0
2010.0,1.0,258.0,5.0,6.0,1.0,0.0,1.0,20.0
2010.0,1.0,258.0,5.0,6.0,1.0,0.0,1.0,20.0
2010.0,1.0,258.0,5.0,6.0,1.0,1.0,1.0,20.0
2010.0,1.0,258.0,5.0,7.0,1.0,1.0,1.0,20.0
2014.0,1.0,257.0,7.0,7.0,1.0,1.0,1.0,20.0
2014.0,1.0,257.0,7.0,6.0,1.0,1.0,1.0,20.0
2014.0,1.0,257.0,7.0,6.0,1.0,1.0,1.0,20.0
2014.0,1.0,257.0,7.0,6.0,1.0,1.0,1.0,20.0
2014.0,1.0,257.0,7.0,6.0,1.0,1.0,1.0,20.0
2015.0,1.0,255.0,14.0,6.0,1.0,0.0,1.0,20.0
2014.0,1.0,247.0,7.0,6.0,1.0,0.0,1.0,22.0
2014.0,1.0,1.0,9.0,6.0,1.0,0.0,1.0,10.0
2014.0,1.0,2.0,9.0,6.0,1.0,0.0,1.0,10.0
2014.0,1.0,3.0,9.0,6.0,1.0,0.0,1.0,10.0
2014.0,1.0,4.0,9.0,6.0,1.0,0.0,1.0,10.0
2014.0,1.0,5.0,9.0,6.0,1.0,0.0,1.0,10.0
2014.0,1.0,6.0,9.0,6.0,1.0,0.0,1.0,10.0
2010.0,1.0,258.0,5.0,6.0,0.0,1.0,1.0,20.0
2010.0,1.0,258.0,5.0,6.0,1.0,1.0,1.0,20.0
2010.0,1.0,258.0,5.0,6.0,1.0,1.0,1.0,20.0
2014.0,1.0,238.0,6.0,6.0,1.0,0.0,1.0,20.0
2010.0,1.0,246.0,18.0,6.0,1.0,1.0,1.0,20.0
2010.0,1.0,246.0,18.0,6.0,1.0,1.0,1.0,20.0
2010.0,1.0,246.0,18.0,6.0,1.0,1.0,1.0,20.0
2010.0,1.0,246.0,18.0,6.0,1.0,1.0,1.0,20.0
2012.0,1.0,241.0,14.0,7.0,1.0,1.0,1.0,20.0
2012.0,1.0,241.0,14.0,6.0,1.0,1.0,1.0,20.0
2012.0,1.0,241.0,14.0,6.0,1.0,1.0,1.0,20.0
2012.0,1.0,241.0,14.0,6.0,1.0,1.0,1.0,20.0
2014.0,1.0,252.0,2.0,6.0,1.0,1.0,1.0,20.0
2014.0,1.0,252.0,2.0,6.0,0.0,1.0,1.0,20.0
2014.0,1.0,252.0,2.0,6.0,1.0,0.0,1.0,20.0
2014.0,1.0,252.0,2.0,6.0,1.0,0.0,1.0,20.0
2014.0,1.0,252.0,2.0,6.0,1.0,0.0,1.0,20.0
2014.0,1.0,252.0,2.0,6.0,1.0,0.0,1.0,20.0
2014.0,1.0,252.0,2.0,6.0,1.0,0.0,1.0,20.0
2014.0,1.0,233.0,9.0,7.0,1.0,1.0,1.0,20.0
2014.0,1.0,238.0,6.0,7.0,1.0,0.0,1.0,20.0
2010.0,1.0,246.0,18.0,7.0,1.0,1.0,1.0,20.0
2010.0,1.0,246.0,18.0,6.0,1.0,1.0,1.0,20.0
2017.0,1.0,247.0,7.0,6.0,1.0,0.0,1.0,22.0
2012.0,1.0,241.0,14.0,4.0,0.0,1.0,1.0,20.0
2014.0,1.0,238.0,6.0,4.0,1.0,0.0,1.0,20.0
2015.0,2.0,177.0,2.0,1.0,0.0,0.0,0.0,41.0
2014.0,1.0,238.0,6.0,4.0,1.0,0.0,1.0,20.0
2014.0,1.0,238.0,6.0,4.0,1.0,0.0,1.0,20.0
2014.0,1.0,238.0,6.0,4.0,1.0,0.0,1.0,20.0
2014.0,1.0,238.0,6.0,4.0,1.0,0.0,1.0,20.0
2014.0,1.0,0.0,9.0,4.0,1.0,0.0,1.0,10.0
2014.0,1.0,257.0,7.0,4.0,0.0,1.0,1.0,20.0
2017.0,1.0,247.0,7.0,4.0,0.0,0.0,0.0,13.0
2014.0,1.0,233.0,9.0,4.0,0.0,1.0,1.0,20.0
2010.0,1.0,258.0,5.0,4.0,0.0,1.0,1.0,20.0
2010.0,1.0,258.0,5.0,4.0,0.0,1.0,1.0,20.0
2008.0,2.0,69.0,8.0,6.0,1.0,0.0,1.0,20.0
2008.0,2.0,70.0,8.0,6.0,1.0,0.0,1.0,20.0
2008.0,2.0,73.0,8.0,6.0,1.0,0.0,1.0,20.0
2008.0,2.0,74.0,8.0,4.0,1.0,0.0,1.0,20.0
2008.0,2.0,76.0,8.0,6.0,1.0,0.0,1.0,20.0
2008.0,2.0,80.0,8.0,4.0,1.0,0.0,1.0,20.0
2008.0,2.0,79.0,9.0,6.0,1.0,0.0,1.0,34.0
2008.0,2.0,78.0,8.0,6.0,1.0,0.0,1.0,20.0
2008.0,2.0,82.0,2.0,1.0,1.0,0.0,1.0,20.0
2009.0,2.0,84.0,8.0,1.0,1.0,0.0,1.0,20.0
2009.0,2.0,85.0,13.0,1.0,1.0,0.0,1.0,20.0
2009.0,2.0,87.0,2.0,4.0,1.0,0.0,1.0,20.0
2009.0,2.0,86.0,13.0,6.0,1.0,0.0,1.0,20.0
2009.0,2.0,254.0,8.0,1.0,1.0,0.0,1.0,20.0
2009.0,2.0,88.0,2.0,1.0,1.0,0.0,1.0,20.0
2009.0,2.0,91.0,2.0,1.0,1.0,0.0,1.0,20.0
2010.0,2.0,98.0,9.0,1.0,1.0,0.0,1.0,20.0
2010.0,2.0,92.0,8.0,6.0,1.0,0.0,1.0,20.0
2011.0,0.0,240.0,9.0,4.0,0.0,0.0,0.0,41.0
2010.0,2.0,93.0,8.0,6.0,1.0,0.0,1.0,20.0
2010.0,2.0,96.0,8.0,6.0,1.0,0.0,1.0,20.0
2010.0,2.0,95.0,8.0,6.0,1.0,0.0,1.0,20.0
2010.0,2.0,94.0,8.0,6.0,1.0,0.0,1.0,20.0
2010.0,2.0,97.0,8.0,1.0,1.0,0.0,1.0,20.0
2010.0,2.0,99.0,2.0,1.0,1.0,0.0,1.0,20.0
2011.0,2.0,100.0,8.0,6.0,1.0,0.0,1.0,20.0
2016.0,0.0,240.0,9.0,4.0,0.0,0.0,0.0,41.0
2011.0,2.0,101.0,19.0,0.0,1.0,0.0,1.0,20.0
2015.0,2.0,180.0,8.0,4.0,0.0,0.0,0.0,2.0
2017.0,2.0,219.0,8.0,4.0,0.0,0.0,0.0,2.0
2008.0,2.0,83.0,8.0,6.0,0.0,0.0,0.0,39.0
2011.0,2.0,102.0,2.0,1.0,0.0,0.0,0.0,35.0
2014.0,2.0,155.0,8.0,0.0,0.0,0.0,0.0,43.0
2011.0,2.0,107.0,8.0,6.0,0.0,0.0,0.0,38.0
2014.0,2.0,160.0,13.0,4.0,0.0,0.0,0.0,42.0
2017.0,0.0,240.0,9.0,4.0,0.0,0.0,0.0,41.0
2009.0,2.0,90.0,16.0,6.0,0.0,0.0,0.0,40.0
2017.0,0.0,240.0,9.0,7.0,0.0,0.0,0.0,41.0
2017.0,2.0,225.0,8.0,4.0,0.0,0.0,0.0,43.0
2017.0,4.0,8.0,9.0,4.0,0.0,0.0,0.0,41.0
2016.0,0.0,240.0,9.0,4.0,0.0,0.0,0.0,41.0
2014.0,2.0,149.0,8.0,0.0,0.0,0.0,0.0,2.0
2011.0,2.0,108.0,8.0,5.0,0.0,0.0,0.0,1.0
2007.0,3.0,235.0,4.0,4.0,0.0,0.0,0.0,36.0
2016.0,0.0,240.0,9.0,4.0,0.0,0.0,0.0,41.0
2014.0,1.0,238.0,6.0,6.0,0.0,0.0,0.0,41.0
2016.0,0.0,250.0,9.0,5.0,0.0,0.0,0.0,41.0
2008.0,2.0,75.0,8.0,1.0,0.0,0.0,0.0,39.0
2016.0,0.0,250.0,9.0,1.0,0.0,0.0,0.0,41.0
2016.0,2.0,201.0,8.0,6.0,0.0,0.0,0.0,43.0
2017.0,4.0,8.0,9.0,4.0,0.0,0.0,0.0,41.0
2016.0,2.0,193.0,8.0,1.0,0.0,0.0,0.0,43.0
2017.0,2.0,221.0,8.0,4.0,0.0,0.0,0.0,20.0
2009.0,2.0,89.0,13.0,1.0,0.0,0.0,0.0,38.0
2011.0,0.0,240.0,9.0,4.0,0.0,0.0,0.0,41.0
2004.0,2.0,51.0,13.0,0.0,0.0,0.0,0.0,39.0
2015.0,2.0,174.0,8.0,4.0,0.0,0.0,0.0,2.0
2017.0,0.0,240.0,9.0,1.0,0.0,0.0,0.0,41.0
2004.0,2.0,53.0,8.0,0.0,0.0,0.0,0.0,39.0
2016.0,0.0,240.0,9.0,4.0,0.0,0.0,0.0,41.0
2012.0,2.0,123.0,8.0,6.0,0.0,0.0,0.0,40.0
2008.0,2.0,71.0,9.0,4.0,0.0,0.0,0.0,39.0
2001.0,2.0,20.0,8.0,4.0,0.0,0.0,0.0,39.0
2014.0,1.0,238.0,6.0,4.0,0.0,0.0,0.0,41.0
2002.0,4.0,249.0,9.0,6.0,0.0,0.0,0.0,41.0
2017.0,0.0,240.0,9.0,1.0,0.0,0.0,0.0,41.0
2016.0,2.0,189.0,8.0,4.0,0.0,0.0,0.0,2.0
2014.0,2.0,157.0,8.0,0.0,0.0,0.0,0.0,2.0
2011.0,0.0,240.0,9.0,4.0,0.0,0.0,0.0,41.0
2008.0,2.0,81.0,8.0,0.0,0.0,0.0,0.0,2.0
2015.0,2.0,175.0,8.0,1.0,0.0,0.0,0.0,2.0
2017.0,2.0,212.0,13.0,1.0,0.0,0.0,0.0,20.0
2008.0,2.0,72.0,8.0,6.0,0.0,0.0,0.0,39.0
2017.0,2.0,217.0,8.0,5.0,0.0,0.0,0.0,38.0
2002.0,4.0,249.0,9.0,6.0,0.0,0.0,0.0,41.0
2016.0,0.0,240.0,9.0,4.0,0.0,0.0,0.0,41.0
2014.0,1.0,238.0,6.0,4.0,0.0,0.0,0.0,41.0
2005.0,2.0,57.0,8.0,0.0,0.0,0.0,0.0,37.0
2013.0,0.0,231.0,9.0,1.0,0.0,0.0,0.0,41.0
2017.0,2.0,220.0,8.0,0.0,0.0,0.0,0.0,2.0
2008.0,2.0,77.0,8.0,6.0,0.0,0.0,0.0,2.0
2017.0,2.0,214.0,8.0,0.0,0.0,0.0,0.0,2.0
2016.0,0.0,240.0,9.0,4.0,0.0,0.0,0.0,41.0
2017.0,0.0,240.0,9.0,4.0,0.0,0.0,0.0,41.0
2005.0,2.0,61.0,2.0,0.0,0.0,0.0,0.0,35.0
2006.0,2.0,63.0,13.0,5.0,0.0,0.0,0.0,39.0
2000.0,2.0,12.0,8.0,1.0,0.0,0.0,0.0,39.0
2007.0,2.0,67.0,8.0,4.0,0.0,0.0,0.0,39.0
2005.0,2.0,58.0,8.0,4.0,0.0,0.0,0.0,39.0
2013.0,2.0,133.0,8.0,0.0,0.0,0.0,0.0,43.0
2005.0,2.0,56.0,8.0,0.0,0.0,0.0,0.0,39.0
2004.0,2.0,46.0,8.0,4.0,0.0,0.0,0.0,39.0
2017.0,4.0,8.0,9.0,4.0,0.0,0.0,0.0,41.0
2016.0,2.0,187.0,13.0,4.0,0.0,0.0,0.0,38.0
2002.0,4.0,249.0,9.0,6.0,0.0,0.0,0.0,41.0
2013.0,2.0,136.0,8.0,4.0,0.0,0.0,0.0,2.0
2002.0,4.0,249.0,9.0,6.0,0.0,0.0,0.0,41.0
2004.0,2.0,54.0,8.0,0.0,0.0,0.0,0.0,39.0
2016.0,2.0,186.0,8.0,1.0,0.0,0.0,0.0,2.0
2013.0,0.0,240.0,9.0,4.0,1.0,0.0,1.0,20.0
